Data,Canal_Origem,Lead_ID,Status,Investimento_Ads,Valor_Contrato
2025-04-13,Meta Ads,1000,Perdido,30.851841906165557,0.0
2025-12-15,Google Ads,1001,Qualificado,49.04055293116854,0.0
2025-09-28,Meta Ads,1002,Novo,15.022008590506136,0.0
2025-04-17,Google Ads,1003,Qualificado,10.67790659558324,0.0
2025-03-13,Google Ads,1004,Qualificado,40.80632847028384,0.0
2025-07-08,Orgânico,1005,Novo,42.2862214945953,0.0
2025-01-21,Meta Ads,1006,Negociação,14.80828916482305,0.0
2025-04-13,E-mail Marketing,1007,Novo,20.623313318344245,0.0
2025-05-02,Google Ads,1008,Negociação,10.702094534665157,0.0
2025-08-03,LinkedIn Ads,1009,Negociação,21.732344431222586,0.0
2025-11-27,LinkedIn Ads,1010,Novo,40.92567495674686,0.0
2025-03-29,Meta Ads,1011,Novo,30.718421108503158,0.0
2025-04-10,Meta Ads,1012,Fechado,23.923823726731523,0.0
2025-12-26,Meta Ads,1013,Qualificado,24.86957179625321,0.0
2025-06-01,Meta Ads,1014,Novo,10.054145028618727,0.0
2025-05-11,Orgânico,1015,Perdido,21.992021102609435,0.0
2025-05-30,E-mail Marketing,1016,Novo,35.858349665517224,0.0
2025-11-05,Orgânico,1017,Negociação,48.967777752654285,0.0
2025-09-15,Google Ads,1018,Perdido,43.88243307935598,0.0
2025-12-10,LinkedIn Ads,1019,Novo,10.943798585821165,0.0
2025-10-21,Orgânico,1020,Novo,45.94242418699358,0.0
2025-07-11,Google Ads,1021,Novo,41.32793653194504,0.0
2025-10-04,Google Ads,1022,Novo,41.215044942839214,0.0
2025-06-10,LinkedIn Ads,1023,Novo,28.31983036014286,0.0
2025-11-10,Meta Ads,1024,Negociação,25.920211718180113,0.0
2025-01-22,E-mail Marketing,1025,Novo,22.116629153327704,0.0
2025-09-10,Google Ads,1026,Qualificado,12.627794358174631,0.0
2025-08-24,LinkedIn Ads,1027,Perdido,19.129414539747962,0.0
2025-12-11,Google Ads,1028,Fechado,19.864145399120986,0.0
2025-02-18,Google Ads,1029,Negociação,29.363082788408065,0.0
2025-02-28,Google Ads,1030,Novo,39.897776263867755,0.0
2025-06-19,E-mail Marketing,1031,Negociação,28.952393135917866,0.0
2025-07-07,LinkedIn Ads,1032,Qualificado,12.313777977886424,0.0
2025-09-28,Meta Ads,1033,Qualificado,48.31159203952816,0.0
2025-07-09,Meta Ads,1034,Novo,47.70897276376449,0.0
2025-06-24,E-mail Marketing,1035,Perdido,41.40758172593634,0.0
2025-02-20,Meta Ads,1036,Qualificado,49.65311606256882,0.0
2025-12-30,E-mail Marketing,1037,Novo,31.779293312010516,0.0
2025-02-24,Meta Ads,1038,Novo,48.510734010128246,0.0
2025-09-01,Meta Ads,1039,Qualificado,13.024201624670031,0.0
2025-11-16,Meta Ads,1040,Fechado,24.627229930454853,0.0
2025-05-11,Meta Ads,1041,Negociação,19.015250720270632,0.0
2025-11-03,LinkedIn Ads,1042,Fechado,17.833323365370802,0.0
2025-05-15,Meta Ads,1043,Novo,15.632117955707043,0.0
2025-01-21,Google Ads,1044,Qualificado,34.896545662639866,0.0
2025-11-25,E-mail Marketing,1045,Qualificado,41.2528742298922,0.0
2025-06-16,Meta Ads,1046,Novo,33.131935976814425,0.0
2025-10-01,Meta Ads,1047,Novo,15.878508383528388,0.0
2025-03-30,Orgânico,1048,Fechado,42.444950797338834,0.0
2025-11-12,LinkedIn Ads,1049,Novo,35.438188286549135,0.0
2025-01-14,Google Ads,1050,Qualificado,25.52662824507982,0.0
2025-08-30,Orgânico,1051,Novo,36.96521182144252,0.0
2025-09-22,LinkedIn Ads,1052,Novo,20.396199169713313,0.0
2025-12-12,Meta Ads,1053,Novo,23.80768833976842,0.0
2025-02-22,Google Ads,1054,Perdido,46.69943372527961,0.0
2025-12-06,LinkedIn Ads,1055,Fechado,21.620180226856817,4702.51779912615
2025-04-02,LinkedIn Ads,1056,Perdido,28.799530726317464,0.0
2025-09-21,Meta Ads,1057,Qualificado,45.605645495840584,0.0
2025-02-04,E-mail Marketing,1058,Novo,38.3088540107011,0.0
2025-07-25,LinkedIn Ads,1059,Qualificado,12.48812904658811,0.0
2025-03-22,Google Ads,1060,Qualificado,15.892121771158813,0.0
2025-02-19,Meta Ads,1061,Fechado,10.313663630876672,0.0
2025-12-26,Google Ads,1062,Novo,35.236871609166535,0.0
2025-01-02,LinkedIn Ads,1063,Qualificado,27.906937016416734,0.0
2025-02-23,Google Ads,1064,Novo,15.370994036091021,0.0
2025-04-16,Meta Ads,1065,Novo,48.31736484227082,0.0
2025-09-17,LinkedIn Ads,1066,Negociação,31.186388957824796,0.0
2025-11-06,E-mail Marketing,1067,Qualificado,19.675731764515568,0.0
2025-07-10,Meta Ads,1068,Novo,30.0241428461883,0.0
2025-08-06,E-mail Marketing,1069,Novo,37.18481330940431,0.0
2025-02-13,Google Ads,1070,Qualificado,13.049568718942579,0.0
2025-06-11,E-mail Marketing,1071,Fechado,20.98815260191568,0.0
2025-07-21,Google Ads,1072,Perdido,42.278619635359746,0.0
2025-09-27,Meta Ads,1073,Perdido,28.38659481610645,0.0
2025-12-17,LinkedIn Ads,1074,Fechado,31.863085681291796,4168.045082505549
2025-10-31,Google Ads,1075,Novo,27.31264008837877,0.0
2025-09-28,Google Ads,1076,Negociação,11.755997705720205,0.0
2025-08-03,LinkedIn Ads,1077,Qualificado,16.629991192806237,0.0
2025-09-09,LinkedIn Ads,1078,Novo,27.821665549675636,0.0
2025-07-09,LinkedIn Ads,1079,Fechado,18.367418616317114,0.0
2025-10-23,LinkedIn Ads,1080,Novo,11.999161146387149,0.0
2025-08-01,Meta Ads,1081,Perdido,43.74598656207295,0.0
2025-07-27,Google Ads,1082,Qualificado,49.24770116656463,0.0
2025-08-25,Meta Ads,1083,Negociação,41.72571495986958,0.0
2025-12-04,Google Ads,1084,Negociação,44.15139686818668,0.0
2025-02-22,Orgânico,1085,Perdido,19.679085212681816,0.0
2025-10-07,Meta Ads,1086,Negociação,48.42507902052799,0.0
2025-08-05,Meta Ads,1087,Negociação,17.877028178137135,0.0
2025-09-09,Meta Ads,1088,Novo,48.05719241447329,0.0
2025-07-07,Orgânico,1089,Qualificado,49.79277175863804,0.0
2025-02-10,Google Ads,1090,Novo,38.46891222984195,0.0
2025-06-06,Meta Ads,1091,Negociação,49.24574927167288,0.0
2025-01-15,Meta Ads,1092,Qualificado,32.781591182684146,0.0
2025-10-28,LinkedIn Ads,1093,Negociação,20.381671327043613,0.0
2025-03-06,Google Ads,1094,Novo,27.479835426624835,0.0
2025-12-11,E-mail Marketing,1095,Novo,33.74243741515144,0.0
2025-11-23,Orgânico,1096,Negociação,12.923262481080599,0.0
2025-01-09,Meta Ads,1097,Novo,34.89373058468985,0.0
2025-12-10,LinkedIn Ads,1098,Novo,49.24711347049178,0.0
2025-05-09,Orgânico,1099,Novo,17.604305991349104,0.0
2025-05-16,LinkedIn Ads,1100,Perdido,41.703804651535336,0.0
2025-03-04,Google Ads,1101,Negociação,46.31595175118478,0.0
2025-05-19,Meta Ads,1102,Novo,47.74806371280883,0.0
2025-03-22,LinkedIn Ads,1103,Novo,48.40542417621789,0.0
2025-06-12,Meta Ads,1104,Novo,30.858385548858877,0.0
2025-10-16,LinkedIn Ads,1105,Fechado,49.09231631966015,0.0
2025-09-18,Orgânico,1106,Negociação,40.292408285377554,0.0
2025-08-19,Orgânico,1107,Novo,16.466857449478475,0.0
2025-02-10,Meta Ads,1108,Novo,29.0760042587188,0.0
2025-01-28,Google Ads,1109,Novo,38.73324701488016,0.0
2025-05-15,Orgânico,1110,Negociação,19.893612632763332,0.0
2025-07-20,E-mail Marketing,1111,Fechado,35.624607341955496,0.0
2025-11-24,Google Ads,1112,Novo,36.66401916186477,0.0
2025-09-25,Orgânico,1113,Novo,16.507989752342635,0.0
2025-02-02,E-mail Marketing,1114,Novo,32.60341249811025,0.0
2025-02-17,Meta Ads,1115,Perdido,40.8650764391443,0.0
2025-03-03,Meta Ads,1116,Novo,29.955826581437677,0.0
2025-08-04,Meta Ads,1117,Fechado,10.484124671044297,0.0
2025-10-20,Google Ads,1118,Negociação,10.361538763171687,0.0
2025-04-09,Meta Ads,1119,Novo,24.281173758800488,0.0
2025-06-21,E-mail Marketing,1120,Novo,47.04776273727128,0.0
2025-12-26,Google Ads,1121,Novo,19.14707118414435,0.0
2025-08-02,Meta Ads,1122,Negociação,35.37454755486749,0.0
2025-02-04,Meta Ads,1123,Fechado,18.88303482773282,4304.305122802936
2025-08-15,Meta Ads,1124,Negociação,22.866799586381944,0.0
2025-04-11,Orgânico,1125,Qualificado,43.92168358405936,0.0
2025-05-11,Meta Ads,1126,Novo,39.15445769079788,0.0
2025-09-14,Meta Ads,1127,Perdido,13.815971092528425,0.0
2025-01-05,LinkedIn Ads,1128,Fechado,27.148080839457343,0.0
2025-08-06,Meta Ads,1129,Novo,11.166790545810578,0.0
2025-09-12,Google Ads,1130,Perdido,29.23560586412036,0.0
2025-12-25,Meta Ads,1131,Negociação,36.49736046804272,0.0
2025-10-10,Google Ads,1132,Qualificado,14.740104943926063,0.0
2025-07-26,Google Ads,1133,Negociação,21.55539755636663,0.0
2025-01-15,Meta Ads,1134,Fechado,25.913465020086278,0.0
2025-12-12,Meta Ads,1135,Negociação,46.78124098624199,0.0
2025-02-11,Orgânico,1136,Novo,49.73020061691856,0.0
2025-06-28,Meta Ads,1137,Novo,11.796451959824633,0.0
2025-03-04,Meta Ads,1138,Perdido,40.44031693981568,0.0
2025-12-18,LinkedIn Ads,1139,Novo,24.86896265609373,0.0
2025-08-19,Google Ads,1140,Novo,25.698327449179203,0.0
2025-08-29,LinkedIn Ads,1141,Qualificado,40.17059893388091,0.0
2025-02-21,Google Ads,1142,Qualificado,46.73705728581635,0.0
2025-04-06,Orgânico,1143,Negociação,48.037143780101935,0.0
2025-08-10,Google Ads,1144,Perdido,33.08490344153283,0.0
2025-08-19,Meta Ads,1145,Novo,24.284846372020112,0.0
2025-08-25,Google Ads,1146,Novo,41.50196343435117,0.0
2025-05-23,Orgânico,1147,Novo,20.04005533049201,0.0
2025-06-20,Meta Ads,1148,Perdido,32.56296115334071,0.0
2025-01-29,Meta Ads,1149,Negociação,24.343138460994926,0.0
2025-02-05,Google Ads,1150,Novo,36.26524294831505,0.0
2025-01-13,LinkedIn Ads,1151,Fechado,19.615956515740276,0.0
2025-06-09,Google Ads,1152,Perdido,17.66371782939303,0.0
2025-11-23,E-mail Marketing,1153,Fechado,46.729563467017485,0.0
2025-07-06,Google Ads,1154,Perdido,14.072147317981475,0.0
2025-08-31,Google Ads,1155,Novo,30.238316309397266,0.0
2025-03-27,Google Ads,1156,Fechado,18.834111318520357,0.0
2025-10-11,Meta Ads,1157,Qualificado,11.557198533026698,0.0
2025-03-07,Meta Ads,1158,Fechado,11.440752731657057,0.0
2025-06-19,Google Ads,1159,Negociação,17.008870884233094,0.0
2025-02-14,LinkedIn Ads,1160,Fechado,44.67081418024001,0.0
2025-03-03,Meta Ads,1161,Negociação,21.299149759081068,0.0
2025-05-14,Meta Ads,1162,Novo,48.01836682301183,0.0
2025-10-11,Meta Ads,1163,Qualificado,33.26489171956774,0.0
2025-01-28,Meta Ads,1164,Perdido,27.464567590750644,0.0
2025-04-18,Meta Ads,1165,Perdido,33.20355338677818,0.0
2025-02-13,Google Ads,1166,Novo,30.66793540905071,0.0
2025-12-06,Google Ads,1167,Novo,40.351050150293005,0.0
2025-10-13,E-mail Marketing,1168,Novo,21.29984263891409,0.0
2025-11-27,Orgânico,1169,Negociação,24.122015664012096,0.0
2025-05-08,Meta Ads,1170,Fechado,45.76377210133003,0.0
2025-12-14,Google Ads,1171,Novo,47.85826052601622,0.0
2025-08-19,LinkedIn Ads,1172,Qualificado,45.70232909945898,0.0
2025-07-09,Meta Ads,1173,Fechado,26.777919758292544,5604.1208895885175
2025-08-13,Google Ads,1174,Negociação,41.21462012027527,0.0
2025-10-10,Google Ads,1175,Qualificado,29.05342933204395,0.0
2025-05-01,LinkedIn Ads,1176,Qualificado,29.90159408584409,0.0
2025-04-26,LinkedIn Ads,1177,Qualificado,18.187204362291357,0.0
2025-08-21,Google Ads,1178,Novo,33.64521213034066,0.0
2025-09-16,Google Ads,1179,Qualificado,17.445435910133916,0.0
2025-12-25,Google Ads,1180,Negociação,23.26258796268775,0.0
2025-07-17,LinkedIn Ads,1181,Perdido,44.201208064797406,0.0
2025-05-17,Google Ads,1182,Negociação,18.28303236843421,0.0
2025-11-14,Google Ads,1183,Fechado,12.846331406937313,0.0
2025-06-14,LinkedIn Ads,1184,Novo,12.760303704512651,0.0
2025-08-13,Google Ads,1185,Qualificado,47.63138082012431,0.0
2025-11-03,LinkedIn Ads,1186,Novo,30.276817518473386,0.0
2025-08-22,Google Ads,1187,Novo,26.376482872680732,0.0
2025-06-21,Google Ads,1188,Negociação,42.435143240316734,0.0
2025-06-01,Google Ads,1189,Perdido,43.43303711642064,0.0
2025-11-11,LinkedIn Ads,1190,Novo,23.287641324624182,0.0
2025-06-09,E-mail Marketing,1191,Qualificado,37.744722298951814,0.0
2025-04-06,E-mail Marketing,1192,Fechado,40.84491263407546,0.0
2025-08-21,Meta Ads,1193,Novo,36.18602747463818,0.0
2025-06-29,LinkedIn Ads,1194,Qualificado,16.063802992003975,0.0
2025-04-23,Google Ads,1195,Negociação,45.03532334068228,0.0
2025-11-14,Google Ads,1196,Negociação,31.563782109440346,0.0
2025-02-21,E-mail Marketing,1197,Novo,21.298897054800147,0.0
2025-09-25,Google Ads,1198,Novo,27.009127417507756,0.0
2025-10-22,Google Ads,1199,Fechado,11.502843615956294,0.0
2025-04-23,Google Ads,1200,Qualificado,15.114672048896702,0.0
2025-04-11,Google Ads,1201,Novo,40.62187002063443,0.0
2025-04-23,Google Ads,1202,Fechado,10.000465390214647,0.0
2025-03-22,Meta Ads,1203,Novo,26.662633139291685,0.0
2025-07-06,Meta Ads,1204,Negociação,30.900407243423537,0.0
2025-04-23,E-mail Marketing,1205,Novo,12.185376800038892,0.0
2025-01-02,E-mail Marketing,1206,Perdido,48.92312651889331,0.0
2025-05-10,Meta Ads,1207,Novo,19.045013249986877,0.0
2025-08-08,Google Ads,1208,Novo,22.167948785451234,0.0
2025-02-23,Meta Ads,1209,Novo,22.157700490201094,0.0
2025-12-09,Meta Ads,1210,Novo,19.216666484693995,0.0
2025-08-12,Google Ads,1211,Perdido,10.058952883452456,0.0
2025-08-13,LinkedIn Ads,1212,Perdido,39.17379176351986,0.0
2025-05-06,Meta Ads,1213,Novo,48.67381999197141,0.0
2025-05-10,Meta Ads,1214,Qualificado,18.971739331401803,0.0
2025-02-22,Meta Ads,1215,Negociação,36.5218876721369,0.0
2025-06-21,Google Ads,1216,Perdido,39.6758530783486,0.0
2025-08-06,Orgânico,1217,Qualificado,43.93701516362099,0.0
2025-06-09,LinkedIn Ads,1218,Novo,26.905167880544365,0.0
2025-07-17,Google Ads,1219,Qualificado,22.11723622561717,0.0
2025-09-04,E-mail Marketing,1220,Negociação,23.011805360921244,0.0
2025-11-20,Meta Ads,1221,Novo,38.50485332394051,0.0
2025-07-22,E-mail Marketing,1222,Negociação,42.67117866022544,0.0
2025-07-03,LinkedIn Ads,1223,Novo,17.264558710264104,0.0
2025-05-03,Meta Ads,1224,Fechado,24.83764032631061,0.0
2025-09-12,Google Ads,1225,Novo,46.077607869966,0.0
2025-10-21,Google Ads,1226,Qualificado,42.26774078778957,0.0
2025-10-07,Meta Ads,1227,Qualificado,49.39433611049903,0.0
2025-11-21,LinkedIn Ads,1228,Negociação,40.16993038728323,0.0
2025-04-08,Google Ads,1229,Novo,25.72780804111689,0.0
2025-07-17,Google Ads,1230,Qualificado,33.625513359785515,0.0
2025-08-28,E-mail Marketing,1231,Qualificado,36.44057016989281,0.0
2025-05-24,Orgânico,1232,Qualificado,13.138232652684959,0.0
2025-04-07,Meta Ads,1233,Negociação,31.779878364154605,0.0
2025-07-20,Google Ads,1234,Negociação,38.37283313890438,0.0
2025-05-04,Google Ads,1235,Fechado,16.692852160042413,0.0
2025-07-06,Google Ads,1236,Novo,41.22526869702229,0.0
2025-11-22,Orgânico,1237,Fechado,33.35091122056447,0.0
2025-12-15,Google Ads,1238,Qualificado,48.08887142790378,0.0
2025-09-16,Meta Ads,1239,Novo,11.696891928275669,0.0
2025-05-28,Google Ads,1240,Novo,20.61304550221868,0.0
2025-09-09,Meta Ads,1241,Novo,34.06215517199296,0.0
2025-12-12,LinkedIn Ads,1242,Fechado,21.862396488237227,0.0
2025-05-27,E-mail Marketing,1243,Negociação,38.57696656284969,0.0
2025-05-28,Google Ads,1244,Fechado,40.36021130087724,0.0
2025-12-18,Google Ads,1245,Qualificado,14.100638562658979,0.0
2025-07-18,Google Ads,1246,Qualificado,30.554178568270707,0.0
2025-11-04,Orgânico,1247,Novo,30.355622223642236,0.0
2025-05-08,E-mail Marketing,1248,Novo,24.77123080862164,0.0
2025-02-08,Meta Ads,1249,Qualificado,47.31699450278688,0.0
2025-12-04,LinkedIn Ads,1250,Novo,43.10025279492885,0.0
2025-12-26,LinkedIn Ads,1251,Novo,37.888375276385474,0.0
2025-05-09,Google Ads,1252,Qualificado,38.573065429399904,0.0
2025-09-24,Orgânico,1253,Negociação,28.468645752524765,0.0
2025-05-31,Meta Ads,1254,Perdido,46.83978084386303,0.0
2025-10-25,Meta Ads,1255,Perdido,37.783817090131414,0.0
2025-04-09,Meta Ads,1256,Negociação,39.159242466232655,0.0
2025-09-20,Google Ads,1257,Qualificado,44.46763615149381,0.0
2025-09-09,Google Ads,1258,Negociação,20.962863573687642,0.0
2025-05-24,LinkedIn Ads,1259,Fechado,42.28283615466812,0.0
2025-12-12,Google Ads,1260,Novo,17.80962411825968,0.0
2025-04-22,LinkedIn Ads,1261,Qualificado,23.813678089795513,0.0
2025-03-01,Google Ads,1262,Fechado,23.424418170793707,5034.027411072232
2025-01-02,Meta Ads,1263,Novo,49.14101873556562,0.0
2025-10-31,Google Ads,1264,Qualificado,44.26148894991707,0.0
2025-09-11,Meta Ads,1265,Qualificado,38.04679446361039,0.0
2025-05-20,LinkedIn Ads,1266,Novo,39.082270464615604,0.0
2025-02-06,Google Ads,1267,Novo,32.48291177610284,0.0
2025-06-09,Meta Ads,1268,Novo,47.88362668434076,0.0
2025-01-09,Meta Ads,1269,Novo,29.85035011529446,0.0
2025-08-21,LinkedIn Ads,1270,Novo,25.220708394795782,0.0
2025-04-09,Orgânico,1271,Fechado,16.52141347726364,0.0
2025-05-27,LinkedIn Ads,1272,Novo,41.44822609044232,0.0
2025-10-31,Google Ads,1273,Qualificado,39.377757283023655,0.0
2025-07-27,Google Ads,1274,Novo,25.374201540965394,0.0
2025-05-11,Google Ads,1275,Perdido,11.007736558369174,0.0
2025-06-01,Meta Ads,1276,Novo,43.55989310872043,0.0
2025-02-23,Google Ads,1277,Qualificado,10.456719338162944,0.0
2025-04-30,Meta Ads,1278,Perdido,38.14799118516204,0.0
2025-06-10,Meta Ads,1279,Fechado,48.81028438904228,0.0
2025-04-26,Meta Ads,1280,Novo,27.50645312592814,0.0
2025-03-16,LinkedIn Ads,1281,Fechado,19.39893619983811,5395.819781095923
2025-04-23,Google Ads,1282,Qualificado,38.19484040173527,0.0
2025-04-14,Google Ads,1283,Qualificado,42.68512568062341,0.0
2025-12-06,LinkedIn Ads,1284,Novo,31.857212643113893,0.0
2025-09-11,Meta Ads,1285,Novo,48.681411010245846,0.0
2025-08-15,LinkedIn Ads,1286,Negociação,12.066748866318445,0.0
2025-04-22,Meta Ads,1287,Qualificado,30.191823932181126,0.0
2025-04-09,Google Ads,1288,Qualificado,38.738157892902,0.0
2025-06-02,E-mail Marketing,1289,Negociação,44.505618845967156,0.0
2025-12-15,LinkedIn Ads,1290,Fechado,17.170224476311603,0.0
2025-12-04,LinkedIn Ads,1291,Novo,42.00013927054726,0.0
2025-07-13,Google Ads,1292,Negociação,32.10828302874181,0.0
2025-11-06,Meta Ads,1293,Novo,25.862147279598528,0.0
2025-06-12,Meta Ads,1294,Fechado,15.268601143163743,5734.63754545933
2025-07-27,Google Ads,1295,Negociação,44.6118303563565,0.0
2025-06-18,Orgânico,1296,Perdido,16.290928327188613,0.0
2025-06-10,Google Ads,1297,Novo,22.39151436836397,0.0
2025-03-09,Orgânico,1298,Novo,21.601821278497475,0.0
2025-10-16,Meta Ads,1299,Novo,44.85656136763417,0.0
2025-10-04,Google Ads,1300,Novo,36.90811976835592,0.0
2025-10-31,Meta Ads,1301,Novo,41.86725588765489,0.0
2025-05-15,E-mail Marketing,1302,Perdido,20.01871595169996,0.0
2025-07-14,LinkedIn Ads,1303,Novo,34.994963984279956,0.0
2025-05-08,E-mail Marketing,1304,Novo,32.86983932574995,0.0
2025-02-02,LinkedIn Ads,1305,Fechado,43.31321507153084,4014.1961913321734
2025-06-25,LinkedIn Ads,1306,Qualificado,46.24348241925042,0.0
2025-01-22,E-mail Marketing,1307,Fechado,10.486270859095473,0.0
2025-08-26,Google Ads,1308,Novo,36.960796762351706,0.0
2025-06-07,Meta Ads,1309,Qualificado,12.073431964789162,0.0
2025-02-07,Google Ads,1310,Novo,31.954346603094237,0.0
2025-08-18,Orgânico,1311,Novo,21.505309161747128,0.0
2025-12-31,Orgânico,1312,Perdido,22.27106398088565,0.0
2025-02-20,Google Ads,1313,Novo,24.11834013809426,0.0
2025-09-21,LinkedIn Ads,1314,Qualificado,34.85169796198441,0.0
2025-10-10,Orgânico,1315,Qualificado,23.36199862675077,0.0
2025-01-27,Google Ads,1316,Novo,39.30796202361122,0.0
2025-08-14,Meta Ads,1317,Perdido,26.181095422954787,0.0
2025-10-04,Orgânico,1318,Novo,12.734128012398344,0.0
2025-10-13,Google Ads,1319,Negociação,41.35039369936429,0.0
2025-04-07,LinkedIn Ads,1320,Perdido,21.43033298370824,0.0
2025-10-11,Google Ads,1321,Qualificado,27.310675183970506,0.0
2025-11-13,Orgânico,1322,Perdido,37.41775532887606,0.0
2025-10-31,Orgânico,1323,Novo,23.29824628594848,0.0
2025-05-27,Orgânico,1324,Qualificado,12.263426245868626,0.0
2025-01-04,Meta Ads,1325,Novo,24.956841880512542,0.0
2025-02-04,E-mail Marketing,1326,Negociação,47.777943307772134,0.0
2025-07-11,E-mail Marketing,1327,Perdido,35.66937589194232,0.0
2025-02-18,Meta Ads,1328,Novo,36.85916594668828,0.0
2025-01-17,E-mail Marketing,1329,Negociação,35.291286145505595,0.0
2025-06-21,Google Ads,1330,Novo,17.959685558377473,0.0
2025-08-08,Meta Ads,1331,Qualificado,26.733354564091204,0.0
2025-06-07,Google Ads,1332,Qualificado,40.03759193453273,0.0
2025-02-15,Google Ads,1333,Perdido,14.054915902126366,0.0
2025-01-06,Google Ads,1334,Negociação,21.11411104358849,0.0
2025-04-09,LinkedIn Ads,1335,Novo,21.052764338634145,0.0
2025-08-21,Meta Ads,1336,Novo,27.28075710378024,0.0
2025-02-06,LinkedIn Ads,1337,Novo,49.214749637687405,0.0
2025-10-07,Google Ads,1338,Novo,12.700101867352878,0.0
2025-12-15,Meta Ads,1339,Novo,30.748039775223802,0.0
2025-10-29,Meta Ads,1340,Perdido,17.174587280488417,0.0
2025-06-30,LinkedIn Ads,1341,Qualificado,48.827061816389765,0.0
2025-04-05,Meta Ads,1342,Qualificado,14.532140189098568,0.0
2025-04-09,LinkedIn Ads,1343,Novo,26.144040094463648,0.0
2025-07-07,E-mail Marketing,1344,Perdido,39.51539939338424,0.0
2025-04-26,LinkedIn Ads,1345,Negociação,38.18217712109781,0.0
2025-07-10,Google Ads,1346,Novo,26.909145475757292,0.0
2025-09-10,Google Ads,1347,Negociação,23.860966718108727,0.0
2025-06-10,E-mail Marketing,1348,Qualificado,25.904495142114822,0.0
2025-09-13,Google Ads,1349,Novo,20.571050526345573,0.0
2025-11-19,E-mail Marketing,1350,Qualificado,18.21331754827199,0.0
2025-05-08,Meta Ads,1351,Qualificado,29.3215879023556,0.0
2025-01-18,Orgânico,1352,Novo,20.741350242704293,0.0
2025-10-08,LinkedIn Ads,1353,Perdido,21.498466595890005,0.0
2025-08-11,Orgânico,1354,Fechado,36.27024253898228,0.0
2025-02-23,Meta Ads,1355,Negociação,48.741493267995686,0.0
2025-02-27,LinkedIn Ads,1356,Qualificado,34.145488022375005,0.0
2025-11-19,Meta Ads,1357,Qualificado,13.079178682598652,0.0
2025-12-26,Meta Ads,1358,Negociação,13.02334455416268,0.0
2025-06-23,LinkedIn Ads,1359,Qualificado,48.05692883382264,0.0
2025-10-07,E-mail Marketing,1360,Novo,21.891631612293345,0.0
2025-04-24,Orgânico,1361,Qualificado,13.682679443299017,0.0
2025-10-15,LinkedIn Ads,1362,Fechado,33.961783486015264,0.0
2025-12-08,Meta Ads,1363,Qualificado,34.94595113161064,0.0
2025-05-31,Meta Ads,1364,Novo,35.940192804747525,0.0
2025-05-07,LinkedIn Ads,1365,Fechado,20.696081114301652,4764.030012789029
2025-06-04,Google Ads,1366,Novo,10.604427368579001,0.0
2025-09-30,Google Ads,1367,Novo,48.60061477817887,0.0
2025-04-14,Meta Ads,1368,Novo,20.0357218276441,0.0
2025-10-26,Google Ads,1369,Novo,37.041051522101895,0.0
2025-09-03,Google Ads,1370,Fechado,38.26519479514838,0.0
2025-06-25,Google Ads,1371,Qualificado,34.40029668317943,0.0
2025-02-08,Google Ads,1372,Novo,22.51629576854593,0.0
2025-06-19,Google Ads,1373,Perdido,20.84385015056263,0.0
2025-09-04,Orgânico,1374,Perdido,33.90673130810812,0.0
2025-01-26,Meta Ads,1375,Perdido,44.64382534446766,0.0
2025-12-21,Meta Ads,1376,Novo,47.869349156935826,0.0
2025-11-02,LinkedIn Ads,1377,Qualificado,14.236232176150306,0.0
2025-01-13,Google Ads,1378,Perdido,16.193144503908794,0.0
2025-11-12,Orgânico,1379,Fechado,47.78945035132318,4660.877720729961
2025-11-09,LinkedIn Ads,1380,Novo,39.461409133391705,0.0
2025-02-05,Google Ads,1381,Novo,45.319752993190924,0.0
2025-06-22,Meta Ads,1382,Qualificado,18.105305365413727,0.0
2025-01-20,E-mail Marketing,1383,Perdido,33.50343484437607,0.0
2025-11-17,Orgânico,1384,Qualificado,38.04558377669895,0.0
2025-09-21,Meta Ads,1385,Qualificado,37.20447541787891,0.0
2025-05-22,LinkedIn Ads,1386,Novo,26.326067634667925,0.0
2025-05-23,Google Ads,1387,Negociação,10.615795667652339,0.0
2025-04-02,Orgânico,1388,Fechado,33.317042272170525,0.0
2025-12-20,Google Ads,1389,Novo,20.12406156718435,0.0
2025-11-18,Orgânico,1390,Fechado,28.010169845715613,0.0
2025-10-15,LinkedIn Ads,1391,Perdido,48.30324060335269,0.0
2025-08-03,LinkedIn Ads,1392,Novo,25.961412705697388,0.0
2025-12-08,Meta Ads,1393,Qualificado,43.59206426657707,0.0
2025-02-20,Google Ads,1394,Novo,17.541624229970047,0.0
2025-06-02,Google Ads,1395,Fechado,36.89841992100115,0.0
2025-07-05,Google Ads,1396,Qualificado,49.08027817755774,0.0
2025-03-04,Google Ads,1397,Negociação,14.07572403491747,0.0
2025-07-09,LinkedIn Ads,1398,Fechado,10.33279768908768,0.0
2025-05-05,Meta Ads,1399,Novo,27.343311705304572,0.0
2025-05-30,Google Ads,1400,Perdido,13.705019322054689,0.0
2025-11-10,Orgânico,1401,Qualificado,39.93537398704925,0.0
2025-02-27,E-mail Marketing,1402,Novo,46.58194655394236,0.0
2025-12-08,Orgânico,1403,Negociação,27.360838908350352,0.0
2025-11-01,Orgânico,1404,Fechado,20.348465686217637,0.0
2025-06-29,Google Ads,1405,Novo,27.37613276026439,0.0
2025-06-19,Meta Ads,1406,Perdido,38.93791271400004,0.0
2025-11-22,LinkedIn Ads,1407,Perdido,10.36216646321484,0.0
2025-09-28,LinkedIn Ads,1408,Novo,33.578159579387886,0.0
2025-02-23,Google Ads,1409,Perdido,34.53166739549516,0.0
2025-04-11,E-mail Marketing,1410,Novo,35.50752987583742,0.0
2025-09-21,Google Ads,1411,Novo,19.68088319923509,0.0
2025-02-22,Google Ads,1412,Novo,38.56210893512507,0.0
2025-03-01,Meta Ads,1413,Perdido,13.655659453271056,0.0
2025-04-18,Meta Ads,1414,Negociação,17.970813458672033,0.0
2025-01-05,Meta Ads,1415,Novo,45.09880186617928,0.0
2025-04-13,Google Ads,1416,Qualificado,39.548926029062656,0.0
2025-07-15,E-mail Marketing,1417,Negociação,10.549822160453811,0.0
2025-09-19,Google Ads,1418,Novo,19.93505041479201,0.0
2025-12-31,Google Ads,1419,Perdido,18.57625931972658,0.0
2025-12-16,E-mail Marketing,1420,Fechado,20.832253121478903,5212.739775857661
2025-02-16,Orgânico,1421,Qualificado,19.902390811195456,0.0
2025-12-21,E-mail Marketing,1422,Perdido,12.50105182971383,0.0
2025-11-07,E-mail Marketing,1423,Qualificado,28.357620663872815,0.0
2025-11-04,LinkedIn Ads,1424,Perdido,39.30933899144661,0.0
2025-05-24,Meta Ads,1425,Negociação,34.269268988697455,0.0
2025-09-26,Google Ads,1426,Negociação,36.91486674392319,0.0
2025-05-04,Meta Ads,1427,Novo,13.245967141449565,0.0
2025-04-16,Meta Ads,1428,Perdido,48.059628407071486,0.0
2025-06-07,Google Ads,1429,Qualificado,43.53967335372099,0.0
2025-05-27,LinkedIn Ads,1430,Novo,42.20361273982651,0.0
2025-05-25,Meta Ads,1431,Novo,42.9193522016707,0.0
2025-04-30,Google Ads,1432,Qualificado,47.30842032531045,0.0
2025-11-15,Google Ads,1433,Qualificado,31.77015864454791,0.0
2025-10-02,LinkedIn Ads,1434,Negociação,18.011280714705038,0.0
2025-04-02,Google Ads,1435,Perdido,34.671344314101646,0.0
2025-02-27,E-mail Marketing,1436,Novo,39.715259746717564,0.0
2025-12-12,Meta Ads,1437,Negociação,39.51669573416102,0.0
2025-08-17,Meta Ads,1438,Novo,30.857960966675204,0.0
2025-04-27,Meta Ads,1439,Perdido,12.738348773343123,0.0
2025-11-14,E-mail Marketing,1440,Fechado,24.844517537205114,0.0
2025-10-06,Meta Ads,1441,Qualificado,46.83066433853429,0.0
2025-05-07,LinkedIn Ads,1442,Negociação,33.377956390297044,0.0
2025-05-09,Meta Ads,1443,Novo,31.533277730228537,0.0
2025-02-27,Google Ads,1444,Qualificado,20.754140575287742,0.0
2025-05-02,E-mail Marketing,1445,Fechado,24.737956796663156,0.0
2025-01-01,LinkedIn Ads,1446,Qualificado,45.81384356612677,0.0
2025-08-27,LinkedIn Ads,1447,Novo,36.65852190107343,0.0
2025-10-17,E-mail Marketing,1448,Qualificado,41.49548107009331,0.0
2025-04-06,E-mail Marketing,1449,Fechado,28.173816922706205,0.0
2025-05-06,LinkedIn Ads,1450,Novo,35.20988877824632,0.0
2025-04-28,E-mail Marketing,1451,Novo,19.9353443497283,0.0
2025-02-17,LinkedIn Ads,1452,Negociação,38.21843321133945,0.0
2025-03-30,LinkedIn Ads,1453,Fechado,27.10405334813349,0.0
2025-08-25,LinkedIn Ads,1454,Novo,27.701820592589822,0.0
2025-09-29,LinkedIn Ads,1455,Novo,35.97289298307527,0.0
2025-07-08,Google Ads,1456,Novo,47.451224858757065,0.0
2025-07-11,E-mail Marketing,1457,Novo,12.560253864344837,0.0
2025-03-10,E-mail Marketing,1458,Qualificado,42.989729493880304,0.0
2025-10-05,Google Ads,1459,Negociação,21.695324416487725,0.0
2025-12-15,E-mail Marketing,1460,Negociação,27.75677818025511,0.0
2025-09-04,Google Ads,1461,Negociação,10.87653315100036,0.0
2025-03-17,Meta Ads,1462,Novo,22.041843113372522,0.0
2025-06-03,LinkedIn Ads,1463,Fechado,30.105249705205217,0.0
2025-05-24,Google Ads,1464,Qualificado,12.24704309389756,0.0
2025-03-27,E-mail Marketing,1465,Perdido,29.643829175326605,0.0
2025-07-04,E-mail Marketing,1466,Negociação,47.08442515433709,0.0
2025-10-12,Meta Ads,1467,Novo,14.215728724312209,0.0
2025-08-08,Google Ads,1468,Negociação,40.57762912302017,0.0
2025-03-10,Google Ads,1469,Novo,26.386842135039707,0.0
2025-02-16,LinkedIn Ads,1470,Negociação,36.20694858097352,0.0
2025-04-04,Orgânico,1471,Novo,20.409463919409173,0.0
2025-08-26,LinkedIn Ads,1472,Novo,16.37969050165433,0.0
2025-07-23,Google Ads,1473,Perdido,16.41850457084906,0.0
2025-08-06,LinkedIn Ads,1474,Novo,12.819677825725787,0.0
2025-12-07,Meta Ads,1475,Fechado,17.42586819604972,0.0
2025-02-08,LinkedIn Ads,1476,Novo,36.56877539955873,0.0
2025-04-10,Google Ads,1477,Negociação,45.26762447374032,0.0
2025-10-16,LinkedIn Ads,1478,Negociação,42.56502742364647,0.0
2025-09-11,Meta Ads,1479,Qualificado,37.405372394979366,0.0
2025-08-10,Orgânico,1480,Novo,14.417274536444108,0.0
2025-12-23,Meta Ads,1481,Novo,21.56749785183799,0.0
2025-01-23,LinkedIn Ads,1482,Novo,22.392275012898757,0.0
2025-09-07,Orgânico,1483,Novo,19.99827785590485,0.0
2025-01-10,Google Ads,1484,Negociação,30.600226388388926,0.0
2025-09-03,Orgânico,1485,Perdido,31.4221525951869,0.0
2025-11-21,LinkedIn Ads,1486,Perdido,24.275439006844408,0.0
2025-04-10,Google Ads,1487,Fechado,24.15156634945744,0.0
2025-10-17,Meta Ads,1488,Fechado,43.14222391624325,0.0
2025-06-29,LinkedIn Ads,1489,Negociação,41.571713932787425,0.0
2025-08-11,Google Ads,1490,Novo,22.311833267229826,0.0
2025-09-07,Meta Ads,1491,Perdido,46.55153775493037,0.0
2025-05-27,Meta Ads,1492,Negociação,48.11260068010024,0.0
2025-04-06,LinkedIn Ads,1493,Qualificado,23.069701681201632,0.0
2025-09-14,Google Ads,1494,Novo,24.176997951722193,0.0
2025-11-21,E-mail Marketing,1495,Qualificado,30.225366136878353,0.0
2025-01-04,Orgânico,1496,Qualificado,47.64483250134694,0.0
2025-01-16,Orgânico,1497,Perdido,45.05277732569246,0.0
2025-10-07,LinkedIn Ads,1498,Qualificado,14.102718503343592,0.0
2025-12-02,Google Ads,1499,Novo,25.70922973085665,0.0
2025-09-04,LinkedIn Ads,1500,Perdido,32.13484758999087,0.0
2025-09-15,Google Ads,1501,Novo,30.1252989020616,0.0
2025-06-09,Google Ads,1502,Qualificado,17.75452271747571,0.0
2025-12-06,Meta Ads,1503,Novo,44.352670846726184,0.0
2025-06-01,Meta Ads,1504,Negociação,37.07763131987349,0.0
2025-06-27,LinkedIn Ads,1505,Perdido,43.516334994072146,0.0
2025-06-12,LinkedIn Ads,1506,Novo,44.350571173978885,0.0
2025-02-02,Meta Ads,1507,Perdido,39.93423414662959,0.0
2025-06-28,Google Ads,1508,Novo,27.568424049988693,0.0
2025-04-11,Orgânico,1509,Perdido,34.42187020061698,0.0
2025-09-25,Meta Ads,1510,Fechado,16.414616244789727,0.0
2025-11-19,Meta Ads,1511,Fechado,36.94581669899631,0.0
2025-03-06,Google Ads,1512,Novo,17.170130229571228,0.0
2025-06-17,LinkedIn Ads,1513,Perdido,37.75798362040627,0.0
2025-11-26,LinkedIn Ads,1514,Negociação,19.183926430158746,0.0
2025-02-12,Google Ads,1515,Novo,14.702052006008799,0.0
2025-02-13,Google Ads,1516,Fechado,16.611379605718298,0.0
2025-10-12,LinkedIn Ads,1517,Novo,10.07968540876281,0.0
2025-01-12,LinkedIn Ads,1518,Perdido,38.74958471414121,0.0
2025-04-05,Google Ads,1519,Novo,39.29604196233517,0.0
2025-10-29,Orgânico,1520,Negociação,30.597333996530377,0.0
2025-09-10,Google Ads,1521,Qualificado,16.45451204221535,0.0
2025-08-30,Meta Ads,1522,Novo,13.34217350042759,0.0
2025-02-04,Orgânico,1523,Novo,10.76515865749148,0.0
2025-08-03,Meta Ads,1524,Novo,16.62992707860883,0.0
2025-12-03,LinkedIn Ads,1525,Qualificado,45.63422139932587,0.0
2025-03-31,Meta Ads,1526,Novo,19.66147366806727,0.0
2025-09-21,Google Ads,1527,Qualificado,24.170853088688627,0.0
2025-04-03,Orgânico,1528,Novo,14.213819379253327,0.0
2025-03-31,Meta Ads,1529,Novo,18.89445218992681,0.0
2025-04-25,E-mail Marketing,1530,Negociação,30.768982831208206,0.0
2025-04-15,Google Ads,1531,Novo,34.3101073238261,0.0
2025-07-15,Google Ads,1532,Perdido,19.81409256664844,0.0
2025-11-10,Google Ads,1533,Perdido,12.309286369004688,0.0
2025-04-24,LinkedIn Ads,1534,Negociação,25.641314765095945,0.0
2025-03-16,Meta Ads,1535,Qualificado,19.368134837053365,0.0
2025-08-05,E-mail Marketing,1536,Perdido,18.782156929192077,0.0
2025-10-04,Meta Ads,1537,Novo,48.39451210853821,0.0
2025-09-06,Orgânico,1538,Novo,34.65201943702896,0.0
2025-06-13,Google Ads,1539,Novo,32.275137726883834,0.0
2025-12-23,E-mail Marketing,1540,Fechado,26.631004140932877,0.0
2025-07-11,LinkedIn Ads,1541,Novo,27.15777333720577,0.0
2025-08-15,LinkedIn Ads,1542,Qualificado,31.636200153523234,0.0
2025-06-26,E-mail Marketing,1543,Perdido,37.85719228144429,0.0
2025-04-09,LinkedIn Ads,1544,Perdido,38.08584384727318,0.0
2025-02-05,LinkedIn Ads,1545,Qualificado,16.867756308217984,0.0
2025-04-06,Google Ads,1546,Novo,30.004510083065078,0.0
2025-06-01,Google Ads,1547,Fechado,26.478323801364077,0.0
2025-05-31,Orgânico,1548,Qualificado,44.82107865077537,0.0
2025-07-09,LinkedIn Ads,1549,Novo,35.25675684873505,0.0
2025-08-12,LinkedIn Ads,1550,Novo,31.300162656639273,0.0
2025-02-06,Meta Ads,1551,Perdido,14.615785687156695,0.0
2025-09-25,Google Ads,1552,Negociação,34.22551557293646,0.0
2025-07-02,Google Ads,1553,Fechado,14.688156227209337,3880.4538716168313
2025-01-13,LinkedIn Ads,1554,Perdido,23.488263022630083,0.0
2025-10-06,Meta Ads,1555,Qualificado,15.713678592573274,0.0
2025-08-05,Google Ads,1556,Qualificado,37.682945880974756,0.0
2025-12-21,Meta Ads,1557,Qualificado,18.250084553446104,0.0
2025-12-27,Google Ads,1558,Novo,25.67437492752104,0.0
2025-10-13,Meta Ads,1559,Qualificado,45.826991104751144,0.0
2025-09-30,Google Ads,1560,Fechado,18.17265533595881,0.0
2025-03-03,LinkedIn Ads,1561,Negociação,30.312202558351164,0.0
2025-03-25,Meta Ads,1562,Perdido,26.77086644664088,0.0
2025-08-05,Meta Ads,1563,Qualificado,10.72496164182919,0.0
2025-12-08,Google Ads,1564,Negociação,41.71032454291251,0.0
2025-07-06,Google Ads,1565,Negociação,12.76183625258399,0.0
2025-01-19,Meta Ads,1566,Qualificado,28.970200839078146,0.0
2025-06-26,Meta Ads,1567,Negociação,32.427131797558,0.0
2025-04-10,LinkedIn Ads,1568,Novo,35.13705826458349,0.0
2025-08-21,Google Ads,1569,Qualificado,37.54526517231503,0.0
2025-03-17,LinkedIn Ads,1570,Novo,20.1308953409086,0.0
2025-09-22,E-mail Marketing,1571,Novo,10.399151066337975,0.0
2025-10-11,LinkedIn Ads,1572,Qualificado,38.937746494196475,0.0
2025-07-25,Google Ads,1573,Negociação,31.426263973903144,0.0
2025-08-11,Meta Ads,1574,Perdido,43.44470812828995,0.0
2025-02-21,Google Ads,1575,Negociação,42.855534516027774,0.0
2025-12-05,Google Ads,1576,Negociação,43.73304671151533,0.0
2025-05-24,Orgânico,1577,Qualificado,29.403786399181605,0.0
2025-03-10,Google Ads,1578,Negociação,23.345135833474625,0.0
2025-04-09,Meta Ads,1579,Novo,41.6623281036548,0.0
2025-01-25,LinkedIn Ads,1580,Novo,28.0517645211702,0.0
2025-02-22,LinkedIn Ads,1581,Novo,17.33768785613738,0.0
2025-05-31,Meta Ads,1582,Qualificado,44.198960782458975,0.0
2025-05-24,Google Ads,1583,Novo,45.302395070893894,0.0
2025-02-26,Meta Ads,1584,Novo,28.652390245606803,0.0
2025-02-08,Meta Ads,1585,Novo,13.027989092391499,0.0
2025-04-19,Google Ads,1586,Perdido,25.51304359667725,0.0
2025-06-30,Meta Ads,1587,Novo,42.14150637850413,0.0
2025-02-11,Google Ads,1588,Qualificado,46.070961141849146,0.0
2025-07-05,Google Ads,1589,Novo,18.138909699903834,0.0
2025-08-11,Meta Ads,1590,Negociação,12.678944481010861,0.0
2025-05-02,Google Ads,1591,Novo,45.094018125313546,0.0
2025-05-13,Meta Ads,1592,Novo,25.576197559155013,0.0
2025-06-12,LinkedIn Ads,1593,Qualificado,31.67043857070253,0.0
2025-08-03,E-mail Marketing,1594,Novo,48.722632482030356,0.0
2025-08-09,Google Ads,1595,Novo,12.662589116568913,0.0
2025-08-23,Google Ads,1596,Novo,35.93272029808382,0.0
2025-11-27,Google Ads,1597,Novo,12.964216902994682,0.0
2025-05-26,LinkedIn Ads,1598,Novo,25.018757138660014,0.0
2025-08-27,LinkedIn Ads,1599,Novo,42.15258180773787,0.0
2025-03-17,Google Ads,1600,Fechado,27.338889310225376,0.0
2025-01-09,Orgânico,1601,Qualificado,49.88729415611802,0.0
2025-03-15,Google Ads,1602,Qualificado,32.36237139786409,0.0
2025-09-10,Meta Ads,1603,Novo,22.84648610543814,0.0
2025-08-18,LinkedIn Ads,1604,Perdido,18.804453036190125,0.0
2025-01-07,E-mail Marketing,1605,Novo,24.020821371446473,0.0
2025-06-23,LinkedIn Ads,1606,Novo,24.901330950382032,0.0
2025-05-21,E-mail Marketing,1607,Negociação,12.748547108958439,0.0
2025-06-17,Meta Ads,1608,Novo,24.782967977070925,0.0
2025-06-19,E-mail Marketing,1609,Novo,28.569540789568997,0.0
2025-10-10,Google Ads,1610,Qualificado,38.909510089552185,0.0
2025-05-02,E-mail Marketing,1611,Perdido,36.269179388864316,0.0
2025-07-13,Meta Ads,1612,Qualificado,38.350626209166165,0.0
2025-01-05,E-mail Marketing,1613,Negociação,10.334547275074284,0.0
2025-01-29,Meta Ads,1614,Perdido,18.706695983221444,0.0
2025-06-14,LinkedIn Ads,1615,Novo,36.46737153599426,0.0
2025-12-05,Meta Ads,1616,Novo,29.359574727189887,0.0
2025-05-16,LinkedIn Ads,1617,Novo,10.212539026733838,0.0
2025-12-31,Google Ads,1618,Qualificado,42.17978569727289,0.0
2025-11-17,Google Ads,1619,Qualificado,40.91238293161349,0.0
2025-12-08,Google Ads,1620,Perdido,31.936766519742505,0.0
2025-05-25,Google Ads,1621,Negociação,12.658533031050885,0.0
2025-11-23,E-mail Marketing,1622,Negociação,40.66060198130339,0.0
2025-08-05,Google Ads,1623,Novo,33.348543509254554,0.0
2025-10-28,Orgânico,1624,Fechado,41.278399086318366,5332.607510324197
2025-05-12,Meta Ads,1625,Perdido,40.06987969583362,0.0
2025-10-19,Google Ads,1626,Fechado,42.12008287831348,5933.128072341069
2025-03-11,LinkedIn Ads,1627,Novo,30.720322656184994,0.0
2025-09-09,LinkedIn Ads,1628,Negociação,15.612980727740599,0.0
2025-10-02,Meta Ads,1629,Novo,36.84629893518755,0.0
2025-12-30,Meta Ads,1630,Novo,34.818951402078824,0.0
2025-07-01,LinkedIn Ads,1631,Novo,39.69012748796349,0.0
2025-06-16,Google Ads,1632,Negociação,16.79524024202941,0.0
2025-04-01,Orgânico,1633,Negociação,17.799007996011568,0.0
2025-07-21,Orgânico,1634,Novo,45.61638068877314,0.0
2025-12-12,LinkedIn Ads,1635,Novo,39.999111938082834,0.0
2025-01-19,Google Ads,1636,Qualificado,46.32913954801292,0.0
2025-02-08,LinkedIn Ads,1637,Novo,40.34861284655683,0.0
2025-05-06,Google Ads,1638,Novo,33.88621223961208,0.0
2025-06-22,Google Ads,1639,Qualificado,36.165309481114946,0.0
2025-05-21,Google Ads,1640,Fechado,45.565116957600395,0.0
2025-08-30,Meta Ads,1641,Novo,33.15227018047762,0.0
2025-08-08,E-mail Marketing,1642,Novo,35.295652973135496,0.0
2025-05-06,LinkedIn Ads,1643,Novo,16.259068640144022,0.0
2025-02-27,LinkedIn Ads,1644,Perdido,28.95684880464411,0.0
2025-05-28,Meta Ads,1645,Negociação,38.655884478323955,0.0
2025-11-13,Meta Ads,1646,Negociação,20.837707932654617,0.0
2025-12-27,Meta Ads,1647,Novo,18.090167220981396,0.0
2025-01-01,Orgânico,1648,Qualificado,22.553072328976622,0.0
2025-12-14,Google Ads,1649,Novo,19.66002511971334,0.0
2025-07-09,E-mail Marketing,1650,Negociação,18.596505481455836,0.0
2025-07-10,Meta Ads,1651,Perdido,26.99403371472348,0.0
2025-11-08,Meta Ads,1652,Negociação,46.31354055534136,0.0
2025-04-27,LinkedIn Ads,1653,Perdido,30.282385869548733,0.0
2025-05-14,Meta Ads,1654,Negociação,17.51681523261292,0.0
2025-02-27,E-mail Marketing,1655,Novo,13.078866775234964,0.0
2025-02-13,Orgânico,1656,Perdido,37.84624580551701,0.0
2025-06-22,Meta Ads,1657,Novo,25.311950577455512,0.0
2025-06-09,Google Ads,1658,Qualificado,42.873237863414374,0.0
2025-06-22,Meta Ads,1659,Novo,36.380430745630804,0.0
2025-11-13,Orgânico,1660,Novo,41.84965802165474,0.0
2025-10-30,Google Ads,1661,Qualificado,20.87784157673795,0.0
2025-05-29,LinkedIn Ads,1662,Novo,37.69435689844232,0.0
2025-03-21,LinkedIn Ads,1663,Qualificado,20.562479387748752,0.0
2025-08-01,LinkedIn Ads,1664,Qualificado,47.56273917801166,0.0
2025-07-22,Google Ads,1665,Novo,35.454971261334975,0.0
2025-09-09,LinkedIn Ads,1666,Novo,22.980472007013685,0.0
2025-08-17,Orgânico,1667,Qualificado,20.780474491690907,0.0
2025-06-13,Google Ads,1668,Novo,17.637063402865742,0.0
2025-08-15,Google Ads,1669,Negociação,37.785638355749114,0.0
2025-05-27,Orgânico,1670,Negociação,18.748624519917094,0.0
2025-01-20,Google Ads,1671,Fechado,33.812130637099564,0.0
2025-02-16,E-mail Marketing,1672,Negociação,20.585401077014293,0.0
2025-08-21,Meta Ads,1673,Qualificado,36.478757791754745,0.0
2025-11-01,Google Ads,1674,Negociação,42.59758914162157,0.0
2025-01-14,E-mail Marketing,1675,Novo,41.121009725786124,0.0
2025-05-23,Meta Ads,1676,Novo,40.43405323723127,0.0
2025-01-01,Meta Ads,1677,Fechado,17.508896227690084,0.0
2025-02-23,Meta Ads,1678,Qualificado,13.53539787938075,0.0
2025-09-16,Meta Ads,1679,Fechado,37.95795313949542,0.0
2025-05-24,Google Ads,1680,Fechado,24.73388855177405,0.0
2025-01-12,Meta Ads,1681,Perdido,27.293849056133894,0.0
2025-11-26,Orgânico,1682,Perdido,11.245963711735643,0.0
2025-08-12,Google Ads,1683,Qualificado,20.383057971001968,0.0
2025-09-29,LinkedIn Ads,1684,Novo,11.34705615497856,0.0
2025-12-24,Meta Ads,1685,Qualificado,45.16743090404991,0.0
2025-06-05,LinkedIn Ads,1686,Novo,19.735867328741218,0.0
2025-01-08,Google Ads,1687,Negociação,32.293486782920326,0.0
2025-05-02,Orgânico,1688,Negociação,11.559172826445216,0.0
2025-12-14,Meta Ads,1689,Negociação,36.67389565222632,0.0
2025-06-13,Google Ads,1690,Novo,22.921093830163755,0.0
2025-03-31,Google Ads,1691,Novo,45.91676747830663,0.0
2025-05-16,Google Ads,1692,Qualificado,45.52472755736143,0.0
2025-07-05,Meta Ads,1693,Novo,23.011624734469912,0.0
2025-11-12,Meta Ads,1694,Perdido,46.03843582761871,0.0
2025-06-27,E-mail Marketing,1695,Novo,49.846306939951155,0.0
2025-01-28,Meta Ads,1696,Novo,43.016626564957924,0.0
2025-08-08,Google Ads,1697,Novo,43.794853910209156,0.0
2025-12-23,LinkedIn Ads,1698,Negociação,19.960349444363597,0.0
2025-02-10,LinkedIn Ads,1699,Negociação,33.06809595431025,0.0
2025-08-16,Google Ads,1700,Novo,12.690236558694714,0.0
2025-07-11,Google Ads,1701,Novo,13.796717472866789,0.0
2025-05-25,Google Ads,1702,Qualificado,49.95570448133162,0.0
2025-07-20,LinkedIn Ads,1703,Novo,23.06556997703644,0.0
2025-07-31,LinkedIn Ads,1704,Negociação,39.92735648195385,0.0
2025-08-08,Meta Ads,1705,Negociação,42.26660212107266,0.0
2025-08-28,E-mail Marketing,1706,Novo,44.320930840289165,0.0
2025-02-15,E-mail Marketing,1707,Novo,49.90513189608626,0.0
2025-02-04,Meta Ads,1708,Perdido,19.659859410274713,0.0
2025-09-10,E-mail Marketing,1709,Qualificado,11.614033074387988,0.0
2025-03-23,Google Ads,1710,Negociação,26.44766071978344,0.0
2025-09-13,Google Ads,1711,Novo,15.203226793157878,0.0
2025-07-16,Google Ads,1712,Qualificado,10.897035566482206,0.0
2025-10-30,Google Ads,1713,Novo,24.417073085659446,0.0
2025-01-10,Meta Ads,1714,Qualificado,41.34953004300946,0.0
2025-11-08,Orgânico,1715,Perdido,32.647227649002836,0.0
2025-10-13,Google Ads,1716,Novo,22.511119568414163,0.0
2025-08-30,Google Ads,1717,Novo,36.173680219708785,0.0
2025-09-08,Meta Ads,1718,Novo,19.280727212352428,0.0
2025-12-31,Orgânico,1719,Novo,10.575257842883401,0.0
2025-01-05,Meta Ads,1720,Novo,40.574135457457096,0.0
2025-04-29,Meta Ads,1721,Novo,34.949723394560365,0.0
2025-10-16,Google Ads,1722,Fechado,40.4921049800384,0.0
2025-03-06,Google Ads,1723,Qualificado,11.557520667506624,0.0
2025-05-26,Orgânico,1724,Novo,43.48478511322609,0.0
2025-08-12,Orgânico,1725,Perdido,34.781048001452135,0.0
2025-08-27,Google Ads,1726,Novo,32.535814028505605,0.0
2025-06-26,Orgânico,1727,Perdido,34.984561924581264,0.0
2025-09-24,LinkedIn Ads,1728,Novo,44.577329874734566,0.0
2025-12-07,E-mail Marketing,1729,Perdido,33.47746026235628,0.0
2025-10-09,Meta Ads,1730,Negociação,33.23801519552717,0.0
2025-03-04,Meta Ads,1731,Fechado,49.62716628263063,0.0
2025-08-05,Meta Ads,1732,Perdido,40.26920668274272,0.0
2025-12-08,LinkedIn Ads,1733,Novo,27.691752218045412,0.0
2025-11-11,Google Ads,1734,Perdido,38.29588000131711,0.0
2025-10-10,Google Ads,1735,Novo,25.569218867671538,0.0
2025-06-26,Meta Ads,1736,Novo,19.15501849933996,0.0
2025-04-08,LinkedIn Ads,1737,Novo,33.874075075510376,0.0
2025-04-15,Google Ads,1738,Qualificado,47.12728392455806,0.0
2025-04-09,LinkedIn Ads,1739,Novo,47.16558080061851,0.0
2025-11-07,Orgânico,1740,Qualificado,23.676211124219613,0.0
2025-01-06,Google Ads,1741,Qualificado,31.107098648867797,0.0
2025-07-16,LinkedIn Ads,1742,Fechado,18.46543594279445,4377.965194445618
2025-12-17,Meta Ads,1743,Fechado,49.825244379955336,0.0
2025-05-13,E-mail Marketing,1744,Qualificado,49.24471631471743,0.0
2025-12-24,Google Ads,1745,Novo,35.980357188297894,0.0
2025-09-16,LinkedIn Ads,1746,Novo,42.17656238709893,0.0
2025-01-23,E-mail Marketing,1747,Novo,38.604006451348,0.0
2025-02-22,Orgânico,1748,Novo,33.72632876157873,0.0
2025-06-14,LinkedIn Ads,1749,Novo,12.133919879555908,0.0
2025-07-21,Meta Ads,1750,Novo,28.19057370210644,0.0
2025-03-24,LinkedIn Ads,1751,Perdido,36.99145208669642,0.0
2025-05-25,E-mail Marketing,1752,Qualificado,37.101264555347385,0.0
2025-03-26,Meta Ads,1753,Novo,24.924904736895343,0.0
2025-03-19,Google Ads,1754,Qualificado,47.667679466321225,0.0
2025-01-01,Orgânico,1755,Novo,16.694281289471242,0.0
2025-02-20,LinkedIn Ads,1756,Qualificado,30.014377848622424,0.0
2025-06-22,LinkedIn Ads,1757,Negociação,37.63535906203291,0.0
2025-07-24,Google Ads,1758,Qualificado,37.88543223567237,0.0
2025-09-17,LinkedIn Ads,1759,Qualificado,35.94555827075262,0.0
2025-10-15,Meta Ads,1760,Perdido,21.01152853807441,0.0
2025-02-03,LinkedIn Ads,1761,Perdido,16.248262747464878,0.0
2025-12-14,Google Ads,1762,Negociação,35.437613073068434,0.0
2025-04-05,LinkedIn Ads,1763,Qualificado,33.97208464557751,0.0
2025-03-13,Orgânico,1764,Negociação,17.174240411569638,0.0
2025-02-08,Google Ads,1765,Novo,38.205565822822535,0.0
2025-06-03,Orgânico,1766,Novo,28.206879669346257,0.0
2025-09-07,Meta Ads,1767,Novo,36.71042366412612,0.0
2025-06-11,E-mail Marketing,1768,Qualificado,43.49468319080603,0.0
2025-04-28,LinkedIn Ads,1769,Qualificado,16.78913714307693,0.0
2025-09-16,Meta Ads,1770,Novo,10.765794719873467,0.0
2025-11-02,LinkedIn Ads,1771,Perdido,41.16410345583147,0.0
2025-09-25,E-mail Marketing,1772,Perdido,34.38789700610464,0.0
2025-02-23,Meta Ads,1773,Negociação,37.98558278488487,0.0
2025-08-24,Meta Ads,1774,Qualificado,43.5261989995457,0.0
2025-08-10,LinkedIn Ads,1775,Perdido,42.11243739298002,0.0
2025-09-08,E-mail Marketing,1776,Novo,48.436805877152985,0.0
2025-11-09,LinkedIn Ads,1777,Fechado,31.437403154084727,0.0
2025-04-22,LinkedIn Ads,1778,Novo,29.539825306396214,0.0
2025-09-12,Meta Ads,1779,Fechado,26.075487995629203,0.0
2025-10-30,E-mail Marketing,1780,Novo,16.14764171376818,0.0
2025-07-26,Google Ads,1781,Perdido,32.9042893152809,0.0
2025-08-17,Meta Ads,1782,Perdido,21.08050097303915,0.0
2025-12-07,Google Ads,1783,Novo,46.85230048851902,0.0
2025-03-07,Meta Ads,1784,Qualificado,33.327632171083906,0.0
2025-03-16,Meta Ads,1785,Perdido,33.713607220324405,0.0
2025-04-13,Meta Ads,1786,Qualificado,24.1969864350804,0.0
2025-07-11,LinkedIn Ads,1787,Perdido,12.0795740791083,0.0
2025-09-09,Meta Ads,1788,Qualificado,11.269750614919545,0.0
2025-08-14,Meta Ads,1789,Novo,26.9334057661279,0.0
2025-10-21,Google Ads,1790,Novo,13.382615123889515,0.0
2025-11-02,Meta Ads,1791,Novo,34.273878221605564,0.0
2025-04-08,Google Ads,1792,Fechado,45.2389202255863,0.0
2025-12-04,Google Ads,1793,Novo,45.31659266074889,0.0
2025-10-13,LinkedIn Ads,1794,Qualificado,36.3618164052893,0.0
2025-12-01,LinkedIn Ads,1795,Qualificado,18.44927325891724,0.0
2025-12-13,LinkedIn Ads,1796,Qualificado,44.519873254354884,0.0
2025-11-04,Meta Ads,1797,Perdido,45.44373741252833,0.0
2025-09-06,Meta Ads,1798,Perdido,17.866143398118346,0.0
2025-06-15,E-mail Marketing,1799,Qualificado,39.49704343082709,0.0
2025-12-01,Meta Ads,1800,Fechado,21.46078195708492,4840.637767854094
2025-01-30,Meta Ads,1801,Fechado,42.10561249411719,0.0
2025-09-04,Google Ads,1802,Qualificado,49.889515996144105,0.0
2025-04-16,Meta Ads,1803,Perdido,11.201040213175713,0.0
2025-02-20,Meta Ads,1804,Novo,45.894634631637274,0.0
2025-03-22,Meta Ads,1805,Novo,34.90522134394632,0.0
2025-05-13,Meta Ads,1806,Perdido,48.93530476659285,0.0
2025-10-12,Meta Ads,1807,Qualificado,28.600380701057105,0.0
2025-05-18,LinkedIn Ads,1808,Fechado,43.89551722285495,0.0
2025-07-03,LinkedIn Ads,1809,Perdido,12.495762743931088,0.0
2025-11-26,E-mail Marketing,1810,Novo,23.411162003131828,0.0
2025-09-30,LinkedIn Ads,1811,Perdido,12.680661510048399,0.0
2025-12-06,Orgânico,1812,Qualificado,49.01372533916282,0.0
2025-03-10,Google Ads,1813,Qualificado,42.67895629087347,0.0
2025-02-03,Google Ads,1814,Negociação,44.10189684983882,0.0
2025-09-19,Google Ads,1815,Perdido,47.51860925735577,0.0
2025-02-22,LinkedIn Ads,1816,Novo,13.404139444791415,0.0
2025-07-24,E-mail Marketing,1817,Qualificado,25.423903700533334,0.0
2025-05-06,Google Ads,1818,Negociação,12.841395561760084,0.0
2025-08-23,Orgânico,1819,Negociação,18.431724062001145,0.0
2025-02-12,Google Ads,1820,Negociação,19.174631081506895,0.0
2025-08-28,Orgânico,1821,Novo,28.764288441903147,0.0
2025-04-21,Meta Ads,1822,Novo,20.742486698145704,0.0
2025-09-06,Google Ads,1823,Novo,14.039124272710444,0.0
2025-05-31,Meta Ads,1824,Fechado,16.699643563764308,0.0
2025-07-02,Google Ads,1825,Novo,15.891022542083636,0.0
2025-12-02,Google Ads,1826,Novo,48.923071916491935,0.0
2025-04-05,Meta Ads,1827,Perdido,40.37170027673895,0.0
2025-01-08,E-mail Marketing,1828,Novo,48.71045861078248,0.0
2025-12-26,Meta Ads,1829,Perdido,27.589619460316342,0.0
2025-07-03,Meta Ads,1830,Negociação,21.134739266506266,0.0
2025-10-08,LinkedIn Ads,1831,Fechado,41.93172788836747,5521.279905013815
2025-07-14,LinkedIn Ads,1832,Novo,23.05015672164587,0.0
2025-12-18,Google Ads,1833,Novo,21.97533494821393,0.0
2025-07-14,Meta Ads,1834,Negociação,19.300239688313248,0.0
2025-06-04,Google Ads,1835,Fechado,15.187159128969414,0.0
2025-04-03,Google Ads,1836,Negociação,20.25852244067064,0.0
2025-06-09,LinkedIn Ads,1837,Novo,24.21278993895551,0.0
2025-03-02,Google Ads,1838,Fechado,36.95976832582922,0.0
2025-05-02,Meta Ads,1839,Fechado,12.502593688778063,0.0
2025-02-20,LinkedIn Ads,1840,Negociação,18.420277586613718,0.0
2025-10-04,Google Ads,1841,Fechado,42.360945611667056,4004.8515181466205
2025-01-05,Meta Ads,1842,Fechado,15.87687694335083,0.0
2025-04-02,Google Ads,1843,Negociação,23.70580586090086,0.0
2025-06-19,Orgânico,1844,Novo,44.5863568743256,0.0
2025-11-13,Meta Ads,1845,Qualificado,16.197012445737705,0.0
2025-01-22,E-mail Marketing,1846,Novo,13.309473424727596,0.0
2025-11-22,Meta Ads,1847,Qualificado,29.381519803200433,0.0
2025-01-01,Google Ads,1848,Qualificado,22.096780451141456,0.0
2025-05-13,LinkedIn Ads,1849,Novo,32.53633457935416,0.0
2025-08-21,Orgânico,1850,Novo,42.152195619339004,0.0
2025-01-12,LinkedIn Ads,1851,Novo,15.485939526109727,0.0
2025-12-12,E-mail Marketing,1852,Fechado,33.227963382171396,0.0
2025-02-15,E-mail Marketing,1853,Perdido,30.220350415594556,0.0
2025-02-03,Google Ads,1854,Novo,15.763151440527983,0.0
2025-03-19,Google Ads,1855,Perdido,34.9599394211593,0.0
2025-08-06,LinkedIn Ads,1856,Qualificado,20.945616714430866,0.0
2025-10-28,Meta Ads,1857,Novo,29.5133727417605,0.0
2025-03-14,E-mail Marketing,1858,Novo,13.290892971082474,0.0
2025-10-09,Orgânico,1859,Qualificado,28.383362288544923,0.0
2025-09-06,Meta Ads,1860,Fechado,22.258538721712814,0.0
2025-02-16,Google Ads,1861,Negociação,42.895248447414176,0.0
2025-05-01,LinkedIn Ads,1862,Novo,12.279149079894731,0.0
2025-08-02,Google Ads,1863,Novo,26.7442909967332,0.0
2025-08-27,E-mail Marketing,1864,Qualificado,28.33725696525752,0.0
2025-02-25,Meta Ads,1865,Novo,39.000243051964745,0.0
2025-12-16,LinkedIn Ads,1866,Novo,32.97150300360844,0.0
2025-04-17,Google Ads,1867,Novo,36.688493487767246,0.0
2025-11-15,LinkedIn Ads,1868,Fechado,41.08197142607025,0.0
2025-02-17,Meta Ads,1869,Perdido,44.48811894632755,0.0
2025-03-02,Meta Ads,1870,Qualificado,22.55501986889882,0.0
2025-12-03,Google Ads,1871,Perdido,31.52090821455612,0.0
2025-01-26,LinkedIn Ads,1872,Novo,43.604323137567995,0.0
2025-10-19,E-mail Marketing,1873,Qualificado,49.57804523860226,0.0
2025-09-14,Google Ads,1874,Novo,45.580772441750526,0.0
2025-01-08,Google Ads,1875,Negociação,24.858690504975073,0.0
2025-04-23,Google Ads,1876,Perdido,17.806660688746017,0.0
2025-12-21,LinkedIn Ads,1877,Negociação,29.575701496263548,0.0
2025-09-10,LinkedIn Ads,1878,Novo,39.66565807344169,0.0
2025-06-29,Meta Ads,1879,Negociação,29.702762830131903,0.0
2025-07-26,Google Ads,1880,Novo,29.32723453254674,0.0
2025-10-30,Meta Ads,1881,Perdido,43.529216843272025,0.0
2025-05-07,Meta Ads,1882,Qualificado,24.456151162687455,0.0
2025-02-25,Meta Ads,1883,Qualificado,44.391786992465825,0.0
2025-08-02,Orgânico,1884,Qualificado,26.272192038068944,0.0
2025-01-14,Google Ads,1885,Negociação,23.129324227133576,0.0
2025-01-28,LinkedIn Ads,1886,Novo,28.15959644798796,0.0
2025-03-19,Meta Ads,1887,Negociação,40.49787834699474,0.0
2025-08-04,Meta Ads,1888,Novo,15.040081114559772,0.0
2025-12-31,LinkedIn Ads,1889,Negociação,17.856768634880694,0.0
2025-06-03,LinkedIn Ads,1890,Fechado,48.057793026523676,0.0
2025-01-14,Orgânico,1891,Fechado,17.019665095254297,3031.0768575839165
2025-07-06,Google Ads,1892,Qualificado,32.709092717242186,0.0
2025-11-08,Google Ads,1893,Qualificado,33.17257866647751,0.0
2025-01-07,LinkedIn Ads,1894,Novo,29.58497848200979,0.0
2025-01-03,Meta Ads,1895,Fechado,35.78980994307274,0.0
2025-04-21,Google Ads,1896,Novo,19.193069031904738,0.0
2025-08-26,Google Ads,1897,Qualificado,32.106490711069924,0.0
2025-12-29,Google Ads,1898,Novo,24.886930209875885,0.0
2025-08-27,E-mail Marketing,1899,Novo,36.46669038516756,0.0
2025-10-01,Google Ads,1900,Negociação,15.648941734925979,0.0
2025-10-21,Meta Ads,1901,Novo,32.835096673579045,0.0
2025-08-15,Google Ads,1902,Negociação,17.410814215332948,0.0
2025-01-15,Meta Ads,1903,Novo,21.145722524601457,0.0
2025-07-11,Google Ads,1904,Novo,18.748392012943327,0.0
2025-04-29,Meta Ads,1905,Qualificado,17.313511194752685,0.0
2025-01-28,Google Ads,1906,Novo,43.02843806242668,0.0
2025-07-21,E-mail Marketing,1907,Novo,21.428302706435613,0.0
2025-02-08,Google Ads,1908,Negociação,47.084951274577975,0.0
2025-09-30,Meta Ads,1909,Novo,48.797061013807635,0.0
2025-08-19,E-mail Marketing,1910,Fechado,32.8504187974839,0.0
2025-03-27,LinkedIn Ads,1911,Novo,15.720044906629056,0.0
2025-05-06,Meta Ads,1912,Novo,24.98192973518325,0.0
2025-10-27,Meta Ads,1913,Negociação,41.90929053392856,0.0
2025-01-25,Meta Ads,1914,Novo,24.69562914788282,0.0
2025-05-25,LinkedIn Ads,1915,Novo,13.480688732111549,0.0
2025-01-13,Orgânico,1916,Novo,32.27139643712752,0.0
2025-07-31,LinkedIn Ads,1917,Novo,43.80483405984139,0.0
2025-01-25,Meta Ads,1918,Fechado,41.837055485740095,0.0
2025-03-09,LinkedIn Ads,1919,Novo,17.00492560521413,0.0
2025-03-08,Meta Ads,1920,Fechado,36.910584576498664,0.0
2025-08-21,Google Ads,1921,Perdido,18.820170537425884,0.0
2025-04-19,Meta Ads,1922,Qualificado,18.72830138208689,0.0
2025-05-26,Orgânico,1923,Perdido,44.96287093220741,0.0
2025-04-21,Google Ads,1924,Novo,19.986758109609205,0.0
2025-08-16,LinkedIn Ads,1925,Perdido,20.52989386072045,0.0
2025-04-21,Google Ads,1926,Novo,10.026135630451982,0.0
2025-02-03,Meta Ads,1927,Negociação,44.82676136502071,0.0
2025-04-21,Google Ads,1928,Qualificado,41.70379252836539,0.0
2025-09-21,Meta Ads,1929,Novo,35.09315740362712,0.0
2025-08-24,LinkedIn Ads,1930,Negociação,40.01063055755369,0.0
2025-03-24,Meta Ads,1931,Negociação,16.081942696979674,0.0
2025-02-11,LinkedIn Ads,1932,Novo,28.33294378350302,0.0
2025-04-11,LinkedIn Ads,1933,Novo,24.048775493951236,0.0
2025-01-06,Orgânico,1934,Negociação,13.75106105028066,0.0
2025-06-29,Google Ads,1935,Negociação,29.445219408596962,0.0
2025-10-09,Meta Ads,1936,Perdido,46.829586013705416,0.0
2025-11-16,Google Ads,1937,Fechado,11.60236476202778,0.0
2025-08-14,Orgânico,1938,Perdido,21.658436539751754,0.0
2025-11-11,Orgânico,1939,Negociação,18.30163744822814,0.0
2025-12-31,Meta Ads,1940,Novo,19.525866146627852,0.0
2025-08-17,E-mail Marketing,1941,Novo,46.337382075175015,0.0
2025-10-16,Meta Ads,1942,Fechado,28.722762169371606,5017.613251933657
2025-05-30,LinkedIn Ads,1943,Negociação,28.65197651759275,0.0
2025-10-04,Google Ads,1944,Novo,40.42302569821129,0.0
2025-07-17,LinkedIn Ads,1945,Novo,16.17968816019703,0.0
2025-03-11,Google Ads,1946,Perdido,29.490614164002032,0.0
2025-04-22,E-mail Marketing,1947,Qualificado,27.19940856484239,0.0
2025-01-04,LinkedIn Ads,1948,Qualificado,33.87642762186624,0.0
2025-12-16,LinkedIn Ads,1949,Qualificado,49.98230813001754,0.0
2025-11-27,Google Ads,1950,Novo,40.77795576328188,0.0
2025-11-14,Meta Ads,1951,Novo,25.91462812069709,0.0
2025-12-16,Google Ads,1952,Novo,43.10212209096188,0.0
2025-04-05,Meta Ads,1953,Novo,16.828334532499206,0.0
2025-06-01,Google Ads,1954,Fechado,11.218547452358404,0.0
2025-11-07,Orgânico,1955,Qualificado,18.17793489857092,0.0
2025-05-17,Meta Ads,1956,Fechado,23.616462244570386,0.0
2025-09-04,Meta Ads,1957,Perdido,30.423230298382396,0.0
2025-08-31,Meta Ads,1958,Novo,34.60516562164799,0.0
2025-01-31,Meta Ads,1959,Negociação,46.42422868857687,0.0
2025-02-09,LinkedIn Ads,1960,Qualificado,30.394160382018306,0.0
2025-08-17,Meta Ads,1961,Perdido,30.051025785029175,0.0
2025-02-05,Orgânico,1962,Novo,12.009720392919284,0.0
2025-08-11,Meta Ads,1963,Negociação,11.396462106248952,0.0
2025-01-06,Orgânico,1964,Negociação,32.046398476654886,0.0
2025-11-18,E-mail Marketing,1965,Novo,27.52714452993378,0.0
2025-08-08,Google Ads,1966,Novo,43.567215799211944,0.0
2025-03-16,Orgânico,1967,Negociação,16.427183388473807,0.0
2025-01-04,Google Ads,1968,Negociação,10.998866484681983,0.0
2025-12-01,E-mail Marketing,1969,Novo,27.961550717205036,0.0
2025-05-14,Meta Ads,1970,Negociação,19.4991422700903,0.0
2025-04-28,E-mail Marketing,1971,Novo,11.984574933553498,0.0
2025-04-04,E-mail Marketing,1972,Negociação,38.98393147390516,0.0
2025-03-03,E-mail Marketing,1973,Novo,14.4637199982899,0.0
2025-07-13,LinkedIn Ads,1974,Perdido,34.33278000031087,0.0
2025-12-01,Meta Ads,1975,Novo,21.241990006675564,0.0
2025-07-22,Google Ads,1976,Novo,16.93984201420088,0.0
2025-01-26,Meta Ads,1977,Novo,25.190060916772698,0.0
2025-06-22,Google Ads,1978,Novo,42.057831048918146,0.0
2025-10-27,LinkedIn Ads,1979,Qualificado,25.683743076182907,0.0
2025-05-13,Meta Ads,1980,Novo,40.03078596844223,0.0
2025-11-22,Orgânico,1981,Fechado,15.019451871966027,0.0
2025-04-28,LinkedIn Ads,1982,Novo,40.91085678660316,0.0
2025-11-20,E-mail Marketing,1983,Novo,19.477332996265947,0.0
2025-10-02,Google Ads,1984,Novo,37.09572519555491,0.0
2025-07-31,E-mail Marketing,1985,Novo,32.631262193639856,0.0
2025-08-13,Orgânico,1986,Novo,47.165788688467494,0.0
2025-01-20,Meta Ads,1987,Qualificado,25.49290071901256,0.0
2025-04-23,LinkedIn Ads,1988,Qualificado,12.646607553377617,0.0
2025-05-20,LinkedIn Ads,1989,Qualificado,10.766219422050117,0.0
2025-02-16,Google Ads,1990,Qualificado,43.07434243891012,0.0
2025-01-01,Meta Ads,1991,Qualificado,30.989425506457287,0.0
2025-03-31,Meta Ads,1992,Novo,41.00976207339797,0.0
2025-05-22,Google Ads,1993,Qualificado,19.377024000460587,0.0
2025-11-16,Meta Ads,1994,Perdido,23.80334982052935,0.0
2025-02-07,Google Ads,1995,Qualificado,11.204154888452758,0.0
2025-10-20,Google Ads,1996,Negociação,48.459692982964484,0.0
2025-05-19,Google Ads,1997,Novo,36.71471626803253,0.0
2025-12-22,Orgânico,1998,Fechado,47.32820351037225,0.0
2025-11-29,Meta Ads,1999,Fechado,20.619856297162894,0.0
